{
  "seed": 42,
  "epochs_max": 50,
  "learning_rate": 0.03,
  "batch_size": 32,
  "features": [
    "IAT",
    "Number",
    "Weight",
    "rst_count",
    "urg_count",
    "Variance",
    "Tot size",
    "Max",
    "AVG",
    "Magnitue",
    "flow_duration",
    "Tot sum"
  ],
  "train_metrics": {
    "accuracy": 0.96,
    "f1": 0.970856102003643,
    "precision": 0.9433628318584071,
    "recall": 1.0
  },
  "test_metrics": {
    "accuracy": 0.985,
    "f1": 0.988929889298893,
    "precision": 0.9781021897810219,
    "recall": 1.0
  },
  "best_theta": [
    -0.4792813588620145,
    0.46656411705993955,
    -1.6086304955343618,
    -0.805997147506517,
    -0.35960033218399723,
    -0.40301612162459916,
    -0.654377927285092,
    0.3306945465415539,
    -1.13532910856888,
    0.3354171638551858,
    0.6742750320349389,
    1.3726065292713465
  ]
}