model,split,accuracy,f1,precision,recall
DRU_VQC,train_full,0.96,0.970856102003643,0.9433628318584071,1.0
DRU_VQC,test,0.985,0.988929889298893,0.9781021897810219,1.0
