fraction,train_size,f1
0.1,80,0.988929889298893
0.25,200,0.9816849816849816
0.5,400,0.9852941176470589
1.0,800,0.988929889298893
