feature,mi_score,rank,batch
IAT,0.6374280444393964,1,batch_1
Number,0.6374280444393964,2,batch_1
Weight,0.6374280444393964,3,batch_1
rst_count,0.5950182229433562,4,batch_1
urg_count,0.586205651576547,5,batch_2
Variance,0.5300202410648005,6,batch_2
Tot size,0.5270621016018278,7,batch_2
Max,0.5196686769760899,8,batch_2
AVG,0.5048586992829143,9,batch_3
Magnitue,0.49293951309986617,10,batch_3
flow_duration,0.46928311378272736,11,batch_3
Tot sum,0.4667312954308318,12,batch_3
