model,split,accuracy,f1,precision,recall
QSVM,train,0.99625,0.9971777986829727,1.0,0.9943714821763602
QSVM,test,0.985,0.9887640449438202,0.9924812030075187,0.9850746268656716
