fraction,train_size,f1
0.25,200,0.9886792452830189
1.0,800,0.9887640449438202
